{"actual": [1.43, 1.37, 1.35, 1.45, 1.39, 1.33, 1.37, 1.29, 1.26, 1.54, 1.37, 1.52, 1.53, 1.37, 1.2299999999999998, 1.12, 1.03, 0.54, 0.57, 0.55, 0.49, 0.47, 0.51, 0.48, 0.48, 0.49, 0.53, 0.55, 0.54, 0.49, 0.47, 0.5, 0.49, 0.49, 0.46, 0.43, 0.35, 0.4000000000000001, 0.43, 0.03, 0.0, 0.0, 0.02, 0.0, 0.01, 0.3, 0.3, 0.01, 0.33999999999999997, 0.37, 0.05000000000000001, 0.10000000000000002, 0.31000000000000005, 0.32, 0.32, 0.01, 0.0, 0.0, 0.0, 0.0, 0.0, 0.0, 0.0, 0.0, 0.0, 0.0, 0.0, 0.0, 0.0, 0.0, 0.10000000000000002, 0.47, 0.52, 0.55, 0.54, 0.55, 0.55, 0.53, 0.53, 0.51, 0.51, 0.49, 0.46, 0.39, 0.09, 0.0, 0.0, 0.0, 0.0, 0.0, 0.32, 0.43, 0.47, 0.52, 0.51, 0.51, 0.51, 0.53, 0.53, 0.38, 0.43, 0.42, 0.45, 0.52, 0.61, 0.67, 0.74, 0.76, 0.79, 1.66, 1.85, 1.8, 1.87, 1.8199999999999998, 1.88, 2.06, 2.23, 2.11, 2.09, 2.42, 2.53, 2.52, 2.5, 2.6, 2.5, 2.4699999999999998, 2.44, 2.35, 2.25, 2.24, 2.21, 2.07, 1.9, 1.69, 1.68, 1.62, 1.5899999999999999, 1.55, 1.66, 1.84, 1.67, 1.68, 1.51, 1.5899999999999999, 1.44, 1.27, 1.6000000000000003, 1.98, 1.78, 1.61, 1.55, 1.4700000000000002, 1.35, 1.45, 1.32, 1.05, 0.86, 1.38, 1.56, 1.53, 1.35, 1.25, 1.16, 1.11, 0.49, 0.5, 0.48, 0.47, 0.46, 0.47, 0.45, 0.47, 0.48, 0.45, 0.49, 0.51, 0.47, 0.46, 0.45, 0.41, 0.39, 0.38, 0.33, 0.36, 0.25, 0.01, 0.0, 0.0, 0.0, 0.0, 0.0, 0.0, 0.0, 0.0, 0.31000000000000005, 0.52, 0.51, 0.4000000000000001, 0.01, 0.0], "esn": [1.4861913201952583, 1.3968917590553553, 1.3139035111451198, 1.315920919675916, 1.4627629834305926, 1.3801811229987357, 1.2992426228817622, 1.3136333473478559, 1.2829986558231254, 1.2899827235123422, 1.5229147400218965, 1.3834326086120967, 1.436663140922725, 1.4715925648566461, 1.3612061853404815, 1.2668646615599481, 1.203809854732258, 1.1388930091136196, 0.742725773247921, 0.8027566650846704, 0.7621248490869207, 0.6412524460172316, 0.6118041206828212, 0.5760340995558428, 0.5249221831177893, 0.5142671380778219, 0.5523127568622639, 0.5308713360969135, 0.5511288781977873, 0.5842733665136939, 0.5456226698168571, 0.5514114901862455, 0.5638406239736121, 0.5233983765640271, 0.5079958190912071, 0.49505801912794095, 0.4593420876947253, 0.3922351778857845, 0.439356945575252, 0.4472173015878379, 0.13083397368330837, 0.11941632261597325, 0.1337565564397819, 0.12654034440607395, 0.08089714829957598, 0.05282618855454296, 0.2509200550986213, 0.24743199271315908, 0.06978101541483146, 0.28609697314676885, 0.3000672921351952, 0.08698891036986352, 0.15383644425943682, 0.3386986479959102, 0.3171140886316976, 0.30497525138743486, 0.09918644383587367, 0.049492591732270844, 0.06637294876487454, 0.08534400187024165, 0.029614702455221294, -0.0034763448266420397, 0.02650806082132535, 0.026895528653165406, 0.06168567767169024, 0.029210041849664546, -0.038844825320325495, -0.013325910287318592, 0.04547088757467802, 0.05083927283914061, 0.021238399218124607, 0.08782731788032332, 0.3597532973248754, 0.3977284904681938, 0.413799251105663, 0.4262436515776041, 0.473840986948837, 0.5087614354200992, 0.5041275966785241, 0.5071063611192743, 0.48380555693202804, 0.5300468911238618, 0.5301035422555188, 0.47544337560080613, 0.3969081330404759, 0.1581043509610618, 0.11024597420462785, 0.12812164369371568, 0.10834418244583958, 0.06728097679895172, 0.04882712632892497, 0.28632859356551066, 0.35326950523895234, 0.38318371295843384, 0.4077925989663545, 0.4091243774088241, 0.4665964142971564, 0.5071340316131708, 0.5464977941702144, 0.5217325895356716, 0.4224573313508679, 0.48159616956314066, 0.46356536585466857, 0.4546804638523793, 0.466911095830834, 0.5252751620788151, 0.5917988129555328, 0.6592155174730358, 0.6912764823635653, 0.7112346521592191, 1.371587103270305, 1.523879332230007, 1.489340450543344, 1.6164238867502672, 1.6535184709068973, 1.7601194528901902, 1.914080948113086, 2.0477953019772883, 1.910993724176641, 1.9945979642115428, 2.334047047992102, 2.3562311380586696, 2.3106694137861643, 2.2749444458106853, 2.3899819109374634, 2.419685795803375, 2.458316575080535, 2.404391043771797, 2.304483771973396, 2.2914216561744367, 2.3003915052270125, 2.266428840091056, 2.128211058985899, 1.9788961356768513, 1.8207156849785056, 1.821634594488716, 1.771929351803966, 1.6930234779838016, 1.634862887797441, 1.7123245271271397, 1.8410477949094028, 1.6944076640304337, 1.6948750977935434, 1.564170410279419, 1.6301432453113913, 1.551194611381706, 1.4159357149042942, 1.6365195715076792, 1.875978823973261, 1.7420446130627945, 1.5957836701179748, 1.5676279058406484, 1.5078996214807854, 1.432801949806381, 1.5194666909228067, 1.3671984391811454, 1.1600772108275654, 1.0933471177169358, 1.4632517271588354, 1.500345292910423, 1.3877336186092277, 1.2568494481568029, 1.2407255237719286, 1.277072426631917, 1.2345660505541443, 0.723194030172782, 0.6788985865838518, 0.7167441992535647, 0.7161807970167576, 0.6535589786864374, 0.552629788532728, 0.452926627758697, 0.45698797660872376, 0.5534840117420133, 0.48571585058292527, 0.46230700846502754, 0.5252837598543608, 0.5403000031363596, 0.5547581062877385, 0.5215010485827906, 0.4506188660717169, 0.4247140893233449, 0.4382870021090058, 0.3765159175167707, 0.37345999997705287, 0.30834538102255254, 0.12220202715790629, 0.11130085503606048, 0.10711252500340718, 0.08201927393583637, 0.05782846219297897, 0.046512485356725364, 0.03310478059995036, 0.03726964048586309, 0.047363254349425676, 0.23679989468818763, 0.37930391063054797, 0.38867340990284716, 0.34163965023706633, 0.09917274626939682],